dataset_name,file_path,crs,resolution_meters,extent,total_pixels,valid_pixels,coverage_percentage,num_bands,band_names,data_type,years_covered,category,file_size_mb
DynamicWorld_DW_fractions_SA_1km_2017,/Users/gianluca/Desktop/Master's Thesis/code/data/DynamicWorld/DW_fractions_SA_1km_2017.tif,EPSG:3857,1000.00x0.00,"(-12185000.0000, -7542000.0000, -3210000.0000, 1505000.0000)",81196825,20729138,25.53,9,dw2017_water; dw2017_trees; dw2017_grass; dw2017_flooded_vegetation; dw2017_crops; dw2017_shrub_and_scrub; dw2017_built; dw2017_bare; dw2017_snow_and_ice,float32,2017,DynamicWorld,788.46
DynamicWorld_DW_fractions_SA_1km_2018,/Users/gianluca/Desktop/Master's Thesis/code/data/DynamicWorld/DW_fractions_SA_1km_2018.tif,EPSG:3857,1000.00x0.00,"(-12185000.0000, -7542000.0000, -3210000.0000, 1505000.0000)",81196825,20729138,25.53,9,dw2018_water; dw2018_trees; dw2018_grass; dw2018_flooded_vegetation; dw2018_crops; dw2018_shrub_and_scrub; dw2018_built; dw2018_bare; dw2018_snow_and_ice,float32,2018,DynamicWorld,795.38
DynamicWorld_DW_fractions_SA_1km_2019,/Users/gianluca/Desktop/Master's Thesis/code/data/DynamicWorld/DW_fractions_SA_1km_2019.tif,EPSG:3857,1000.00x0.00,"(-12185000.0000, -7542000.0000, -3210000.0000, 1505000.0000)",81196825,20729138,25.53,9,dw2019_water; dw2019_trees; dw2019_grass; dw2019_flooded_vegetation; dw2019_crops; dw2019_shrub_and_scrub; dw2019_built; dw2019_bare; dw2019_snow_and_ice,float32,2019,DynamicWorld,796.88
DynamicWorld_DW_fractions_SA_1km_2020,/Users/gianluca/Desktop/Master's Thesis/code/data/DynamicWorld/DW_fractions_SA_1km_2020.tif,EPSG:3857,1000.00x0.00,"(-12185000.0000, -7542000.0000, -3210000.0000, 1505000.0000)",81196825,20729138,25.53,9,dw2020_water; dw2020_trees; dw2020_grass; dw2020_flooded_vegetation; dw2020_crops; dw2020_shrub_and_scrub; dw2020_built; dw2020_bare; dw2020_snow_and_ice,float32,2020,DynamicWorld,797.32
DynamicWorld_DW_fractions_SA_1km_2021,/Users/gianluca/Desktop/Master's Thesis/code/data/DynamicWorld/DW_fractions_SA_1km_2021.tif,EPSG:3857,1000.00x0.00,"(-12185000.0000, -7542000.0000, -3210000.0000, 1505000.0000)",81196825,20729138,25.53,9,dw2021_water; dw2021_trees; dw2021_grass; dw2021_flooded_vegetation; dw2021_crops; dw2021_shrub_and_scrub; dw2021_built; dw2021_bare; dw2021_snow_and_ice,float32,2021,DynamicWorld,794.04
DynamicWorld_DW_fractions_SA_1km_2022,/Users/gianluca/Desktop/Master's Thesis/code/data/DynamicWorld/DW_fractions_SA_1km_2022.tif,EPSG:3857,1000.00x0.00,"(-12185000.0000, -7542000.0000, -3210000.0000, 1505000.0000)",81196825,20729138,25.53,9,dw2022_water; dw2022_trees; dw2022_grass; dw2022_flooded_vegetation; dw2022_crops; dw2022_shrub_and_scrub; dw2022_built; dw2022_bare; dw2022_snow_and_ice,float32,2022,DynamicWorld,795.46
DynamicWorld_DW_fractions_SA_1km_2023,/Users/gianluca/Desktop/Master's Thesis/code/data/DynamicWorld/DW_fractions_SA_1km_2023.tif,EPSG:3857,1000.00x0.00,"(-12185000.0000, -7542000.0000, -3210000.0000, 1505000.0000)",81196825,20729138,25.53,9,dw2023_water; dw2023_trees; dw2023_grass; dw2023_flooded_vegetation; dw2023_crops; dw2023_shrub_and_scrub; dw2023_built; dw2023_bare; dw2023_snow_and_ice,float32,2023,DynamicWorld,796.27
DynamicWorld_DW_fractions_SA_1km_2024,/Users/gianluca/Desktop/Master's Thesis/code/data/DynamicWorld/DW_fractions_SA_1km_2024.tif,EPSG:3857,1000.00x0.00,"(-12185000.0000, -7542000.0000, -3210000.0000, 1505000.0000)",81196825,20729138,25.53,9,dw2024_water; dw2024_trees; dw2024_grass; dw2024_flooded_vegetation; dw2024_crops; dw2024_shrub_and_scrub; dw2024_built; dw2024_bare; dw2024_snow_and_ice,float32,2024,DynamicWorld,799.28
GPW_GPW_population_density_SA_1km_2000,/Users/gianluca/Desktop/Master's Thesis/code/data/GPW/GPW_population_density_SA_1km_2000.tif,EPSG:3857,1000.00x0.00,"(-12185000.0000, -7542000.0000, -3210000.0000, 1505000.0000)",81196825,20729138,25.53,1,population_density_2000,float32,2000,GPW,33.12
GPW_GPW_population_density_SA_1km_2005,/Users/gianluca/Desktop/Master's Thesis/code/data/GPW/GPW_population_density_SA_1km_2005.tif,EPSG:3857,1000.00x0.00,"(-12185000.0000, -7542000.0000, -3210000.0000, 1505000.0000)",81196825,20729138,25.53,1,population_density_2005,float32,2005,GPW,33.16
GPW_GPW_population_density_SA_1km_2010,/Users/gianluca/Desktop/Master's Thesis/code/data/GPW/GPW_population_density_SA_1km_2010.tif,EPSG:3857,1000.00x0.00,"(-12185000.0000, -7542000.0000, -3210000.0000, 1505000.0000)",81196825,20729138,25.53,1,population_density_2010,float32,2010,GPW,33.16
GPW_GPW_population_density_SA_1km_2015,/Users/gianluca/Desktop/Master's Thesis/code/data/GPW/GPW_population_density_SA_1km_2015.tif,EPSG:3857,1000.00x0.00,"(-12185000.0000, -7542000.0000, -3210000.0000, 1505000.0000)",81196825,20729138,25.53,1,population_density_2015,float32,2015,GPW,33.17
GPW_GPW_population_density_SA_1km_2020,/Users/gianluca/Desktop/Master's Thesis/code/data/GPW/GPW_population_density_SA_1km_2020.tif,EPSG:3857,1000.00x0.00,"(-12185000.0000, -7542000.0000, -3210000.0000, 1505000.0000)",81196825,20729138,25.53,1,population_density_2020,float32,2020,GPW,33.18
NDVI_NDVI_SA_1km_2000,/Users/gianluca/Desktop/Master's Thesis/code/data/NDVI/NDVI_SA_1km_2000.tif,EPSG:3857,1000.00x0.00,"(-12185000.0000, -7542000.0000, -3210000.0000, 1505000.0000)",81196825,20729138,25.53,1,ndvi2000_NDVI,float32,2000,NDVI,52.83
NDVI_NDVI_SA_1km_2001,/Users/gianluca/Desktop/Master's Thesis/code/data/NDVI/NDVI_SA_1km_2001.tif,EPSG:3857,1000.00x0.00,"(-12185000.0000, -7542000.0000, -3210000.0000, 1505000.0000)",81196825,20729138,25.53,1,ndvi2001_NDVI,float32,2001,NDVI,48.45
NDVI_NDVI_SA_1km_2002,/Users/gianluca/Desktop/Master's Thesis/code/data/NDVI/NDVI_SA_1km_2002.tif,EPSG:3857,1000.00x0.00,"(-12185000.0000, -7542000.0000, -3210000.0000, 1505000.0000)",81196825,20729138,25.53,1,ndvi2002_NDVI,float32,2002,NDVI,48.39
NDVI_NDVI_SA_1km_2003,/Users/gianluca/Desktop/Master's Thesis/code/data/NDVI/NDVI_SA_1km_2003.tif,EPSG:3857,1000.00x0.00,"(-12185000.0000, -7542000.0000, -3210000.0000, 1505000.0000)",81196825,20729138,25.53,1,ndvi2003_NDVI,float32,2003,NDVI,48.41
NDVI_NDVI_SA_1km_2004,/Users/gianluca/Desktop/Master's Thesis/code/data/NDVI/NDVI_SA_1km_2004.tif,EPSG:3857,1000.00x0.00,"(-12185000.0000, -7542000.0000, -3210000.0000, 1505000.0000)",81196825,20729138,25.53,1,ndvi2004_NDVI,float32,2004,NDVI,48.34
NDVI_NDVI_SA_1km_2005,/Users/gianluca/Desktop/Master's Thesis/code/data/NDVI/NDVI_SA_1km_2005.tif,EPSG:3857,1000.00x0.00,"(-12185000.0000, -7542000.0000, -3210000.0000, 1505000.0000)",81196825,20729138,25.53,1,ndvi2005_NDVI,float32,2005,NDVI,48.15
NDVI_NDVI_SA_1km_2006,/Users/gianluca/Desktop/Master's Thesis/code/data/NDVI/NDVI_SA_1km_2006.tif,EPSG:3857,1000.00x0.00,"(-12185000.0000, -7542000.0000, -3210000.0000, 1505000.0000)",81196825,20729138,25.53,1,ndvi2006_NDVI,float32,2006,NDVI,48.33
NDVI_NDVI_SA_1km_2007,/Users/gianluca/Desktop/Master's Thesis/code/data/NDVI/NDVI_SA_1km_2007.tif,EPSG:3857,1000.00x0.00,"(-12185000.0000, -7542000.0000, -3210000.0000, 1505000.0000)",81196825,20729138,25.53,1,ndvi2007_NDVI,float32,2007,NDVI,48.27
NDVI_NDVI_SA_1km_2008,/Users/gianluca/Desktop/Master's Thesis/code/data/NDVI/NDVI_SA_1km_2008.tif,EPSG:3857,1000.00x0.00,"(-12185000.0000, -7542000.0000, -3210000.0000, 1505000.0000)",81196825,20729138,25.53,1,ndvi2008_NDVI,float32,2008,NDVI,48.37
NDVI_NDVI_SA_1km_2009,/Users/gianluca/Desktop/Master's Thesis/code/data/NDVI/NDVI_SA_1km_2009.tif,EPSG:3857,1000.00x0.00,"(-12185000.0000, -7542000.0000, -3210000.0000, 1505000.0000)",81196825,20729138,25.53,1,ndvi2009_NDVI,float32,2009,NDVI,48.31
NDVI_NDVI_SA_1km_2010,/Users/gianluca/Desktop/Master's Thesis/code/data/NDVI/NDVI_SA_1km_2010.tif,EPSG:3857,1000.00x0.00,"(-12185000.0000, -7542000.0000, -3210000.0000, 1505000.0000)",81196825,20729138,25.53,1,ndvi2010_NDVI,float32,2010,NDVI,48.21
NDVI_NDVI_SA_1km_2011,/Users/gianluca/Desktop/Master's Thesis/code/data/NDVI/NDVI_SA_1km_2011.tif,EPSG:3857,1000.00x0.00,"(-12185000.0000, -7542000.0000, -3210000.0000, 1505000.0000)",81196825,20729138,25.53,1,ndvi2011_NDVI,float32,2011,NDVI,48.46
NDVI_NDVI_SA_1km_2012,/Users/gianluca/Desktop/Master's Thesis/code/data/NDVI/NDVI_SA_1km_2012.tif,EPSG:3857,1000.00x0.00,"(-12185000.0000, -7542000.0000, -3210000.0000, 1505000.0000)",81196825,20729138,25.53,1,ndvi2012_NDVI,float32,2012,NDVI,48.45
NDVI_NDVI_SA_1km_2013,/Users/gianluca/Desktop/Master's Thesis/code/data/NDVI/NDVI_SA_1km_2013.tif,EPSG:3857,1000.00x0.00,"(-12185000.0000, -7542000.0000, -3210000.0000, 1505000.0000)",81196825,20729138,25.53,1,ndvi2013_NDVI,float32,2013,NDVI,48.52
NDVI_NDVI_SA_1km_2014,/Users/gianluca/Desktop/Master's Thesis/code/data/NDVI/NDVI_SA_1km_2014.tif,EPSG:3857,1000.00x0.00,"(-12185000.0000, -7542000.0000, -3210000.0000, 1505000.0000)",81196825,20729138,25.53,1,ndvi2014_NDVI,float32,2014,NDVI,48.69
NDVI_NDVI_SA_1km_2015,/Users/gianluca/Desktop/Master's Thesis/code/data/NDVI/NDVI_SA_1km_2015.tif,EPSG:3857,1000.00x0.00,"(-12185000.0000, -7542000.0000, -3210000.0000, 1505000.0000)",81196825,20729138,25.53,1,ndvi2015_NDVI,float32,2015,NDVI,48.51
NDVI_NDVI_SA_1km_2016,/Users/gianluca/Desktop/Master's Thesis/code/data/NDVI/NDVI_SA_1km_2016.tif,EPSG:3857,1000.00x0.00,"(-12185000.0000, -7542000.0000, -3210000.0000, 1505000.0000)",81196825,20729138,25.53,1,ndvi2016_NDVI,float32,2016,NDVI,48.49
NDVI_NDVI_SA_1km_2017,/Users/gianluca/Desktop/Master's Thesis/code/data/NDVI/NDVI_SA_1km_2017.tif,EPSG:3857,1000.00x0.00,"(-12185000.0000, -7542000.0000, -3210000.0000, 1505000.0000)",81196825,20729138,25.53,1,ndvi2017_NDVI,float32,2017,NDVI,48.7
NDVI_NDVI_SA_1km_2018,/Users/gianluca/Desktop/Master's Thesis/code/data/NDVI/NDVI_SA_1km_2018.tif,EPSG:3857,1000.00x0.00,"(-12185000.0000, -7542000.0000, -3210000.0000, 1505000.0000)",81196825,20729138,25.53,1,ndvi2018_NDVI,float32,2018,NDVI,48.66
NDVI_NDVI_SA_1km_2019,/Users/gianluca/Desktop/Master's Thesis/code/data/NDVI/NDVI_SA_1km_2019.tif,EPSG:3857,1000.00x0.00,"(-12185000.0000, -7542000.0000, -3210000.0000, 1505000.0000)",81196825,20729138,25.53,1,ndvi2019_NDVI,float32,2019,NDVI,48.77
NDVI_NDVI_SA_1km_2020,/Users/gianluca/Desktop/Master's Thesis/code/data/NDVI/NDVI_SA_1km_2020.tif,EPSG:3857,1000.00x0.00,"(-12185000.0000, -7542000.0000, -3210000.0000, 1505000.0000)",81196825,20729138,25.53,1,ndvi2020_NDVI,float32,2020,NDVI,48.39
NDVI_NDVI_SA_1km_2021,/Users/gianluca/Desktop/Master's Thesis/code/data/NDVI/NDVI_SA_1km_2021.tif,EPSG:3857,1000.00x0.00,"(-12185000.0000, -7542000.0000, -3210000.0000, 1505000.0000)",81196825,20729138,25.53,1,ndvi2021_NDVI,float32,2021,NDVI,48.76
NDVI_NDVI_SA_1km_2022,/Users/gianluca/Desktop/Master's Thesis/code/data/NDVI/NDVI_SA_1km_2022.tif,EPSG:3857,1000.00x0.00,"(-12185000.0000, -7542000.0000, -3210000.0000, 1505000.0000)",81196825,20729138,25.53,1,ndvi2022_NDVI,float32,2022,NDVI,48.4
NDVI_NDVI_SA_1km_2023,/Users/gianluca/Desktop/Master's Thesis/code/data/NDVI/NDVI_SA_1km_2023.tif,EPSG:3857,1000.00x0.00,"(-12185000.0000, -7542000.0000, -3210000.0000, 1505000.0000)",81196825,20729138,25.53,1,ndvi2023_NDVI,float32,2023,NDVI,48.22
NDVI_NDVI_SA_1km_2024,/Users/gianluca/Desktop/Master's Thesis/code/data/NDVI/NDVI_SA_1km_2024.tif,EPSG:3857,1000.00x0.00,"(-12185000.0000, -7542000.0000, -3210000.0000, 1505000.0000)",81196825,20729138,25.53,1,ndvi2024_NDVI,float32,2024,NDVI,48.29
VIIRS_VIIRS_SA_1km_2013,/Users/gianluca/Desktop/Master's Thesis/code/data/VIIRS/VIIRS_SA_1km_2013.tif,EPSG:3857,1000.00x0.00,"(-12185000.0000, -7542000.0000, -3210000.0000, 1505000.0000)",81196825,20729138,25.53,1,viirs2013_average,float32,2013,VIIRS,92.11
VIIRS_VIIRS_SA_1km_2014,/Users/gianluca/Desktop/Master's Thesis/code/data/VIIRS/VIIRS_SA_1km_2014.tif,EPSG:3857,1000.00x0.00,"(-12185000.0000, -7542000.0000, -3210000.0000, 1505000.0000)",81196825,20729138,25.53,1,viirs2014_average,float32,2014,VIIRS,93.14
VIIRS_VIIRS_SA_1km_2015,/Users/gianluca/Desktop/Master's Thesis/code/data/VIIRS/VIIRS_SA_1km_2015.tif,EPSG:3857,1000.00x0.00,"(-12185000.0000, -7542000.0000, -3210000.0000, 1505000.0000)",81196825,20729138,25.53,1,viirs2015_average,float32,2015,VIIRS,93.05
VIIRS_VIIRS_SA_1km_2016,/Users/gianluca/Desktop/Master's Thesis/code/data/VIIRS/VIIRS_SA_1km_2016.tif,EPSG:3857,1000.00x0.00,"(-12185000.0000, -7542000.0000, -3210000.0000, 1505000.0000)",81196825,20729138,25.53,1,viirs2016_average,float32,2016,VIIRS,94.6
VIIRS_VIIRS_SA_1km_2017,/Users/gianluca/Desktop/Master's Thesis/code/data/VIIRS/VIIRS_SA_1km_2017.tif,EPSG:3857,1000.00x0.00,"(-12185000.0000, -7542000.0000, -3210000.0000, 1505000.0000)",81196825,20729138,25.53,1,viirs2017_average,float32,2017,VIIRS,86.88
VIIRS_VIIRS_SA_1km_2018,/Users/gianluca/Desktop/Master's Thesis/code/data/VIIRS/VIIRS_SA_1km_2018.tif,EPSG:3857,1000.00x0.00,"(-12185000.0000, -7542000.0000, -3210000.0000, 1505000.0000)",81196825,20729138,25.53,1,viirs2018_average,float32,2018,VIIRS,86.75
VIIRS_VIIRS_SA_1km_2019,/Users/gianluca/Desktop/Master's Thesis/code/data/VIIRS/VIIRS_SA_1km_2019.tif,EPSG:3857,1000.00x0.00,"(-12185000.0000, -7542000.0000, -3210000.0000, 1505000.0000)",81196825,20729138,25.53,1,viirs2019_average,float32,2019,VIIRS,87.35
VIIRS_VIIRS_SA_1km_2020,/Users/gianluca/Desktop/Master's Thesis/code/data/VIIRS/VIIRS_SA_1km_2020.tif,EPSG:3857,1000.00x0.00,"(-12185000.0000, -7542000.0000, -3210000.0000, 1505000.0000)",81196825,20729138,25.53,1,viirs2020_average,float32,2020,VIIRS,86.24
VIIRS_VIIRS_SA_1km_2021,/Users/gianluca/Desktop/Master's Thesis/code/data/VIIRS/VIIRS_SA_1km_2021.tif,EPSG:3857,1000.00x0.00,"(-12185000.0000, -7542000.0000, -3210000.0000, 1505000.0000)",81196825,20729138,25.53,1,viirs2021_average,float32,2021,VIIRS,86.42
VIIRS_VIIRS_SA_1km_2022,/Users/gianluca/Desktop/Master's Thesis/code/data/VIIRS/VIIRS_SA_1km_2022.tif,EPSG:3857,1000.00x0.00,"(-12185000.0000, -7542000.0000, -3210000.0000, 1505000.0000)",81196825,20729138,25.53,1,viirs2022_average,float32,2022,VIIRS,86.09
WDPA_WDPA_SA_1km_2013,/Users/gianluca/Desktop/Master's Thesis/code/data/WDPA/WDPA_SA_1km_2013.tif,EPSG:3857,1000.00x0.00,"(-12185000.0000, -7542000.0000, -3210000.0000, 1505000.0000)",81196825,20729138,25.53,1,constant,float32,2013,WDPA,2.66
WDPA_WDPA_SA_1km_2014,/Users/gianluca/Desktop/Master's Thesis/code/data/WDPA/WDPA_SA_1km_2014.tif,EPSG:3857,1000.00x0.00,"(-12185000.0000, -7542000.0000, -3210000.0000, 1505000.0000)",81196825,20729138,25.53,1,constant,float32,2014,WDPA,2.66
WDPA_WDPA_SA_1km_2015,/Users/gianluca/Desktop/Master's Thesis/code/data/WDPA/WDPA_SA_1km_2015.tif,EPSG:3857,1000.00x0.00,"(-12185000.0000, -7542000.0000, -3210000.0000, 1505000.0000)",81196825,20729138,25.53,1,constant,float32,2015,WDPA,2.67
WDPA_WDPA_SA_1km_2016,/Users/gianluca/Desktop/Master's Thesis/code/data/WDPA/WDPA_SA_1km_2016.tif,EPSG:3857,1000.00x0.00,"(-12185000.0000, -7542000.0000, -3210000.0000, 1505000.0000)",81196825,20729138,25.53,1,constant,float32,2016,WDPA,2.67
WDPA_WDPA_SA_1km_2017,/Users/gianluca/Desktop/Master's Thesis/code/data/WDPA/WDPA_SA_1km_2017.tif,EPSG:3857,1000.00x0.00,"(-12185000.0000, -7542000.0000, -3210000.0000, 1505000.0000)",81196825,20729138,25.53,1,constant,float32,2017,WDPA,2.67
WDPA_WDPA_SA_1km_2018,/Users/gianluca/Desktop/Master's Thesis/code/data/WDPA/WDPA_SA_1km_2018.tif,EPSG:3857,1000.00x0.00,"(-12185000.0000, -7542000.0000, -3210000.0000, 1505000.0000)",81196825,20729138,25.53,1,constant,float32,2018,WDPA,2.68
WDPA_WDPA_SA_1km_2019,/Users/gianluca/Desktop/Master's Thesis/code/data/WDPA/WDPA_SA_1km_2019.tif,EPSG:3857,1000.00x0.00,"(-12185000.0000, -7542000.0000, -3210000.0000, 1505000.0000)",81196825,20729138,25.53,1,constant,float32,2019,WDPA,2.69
WDPA_WDPA_SA_1km_2020,/Users/gianluca/Desktop/Master's Thesis/code/data/WDPA/WDPA_SA_1km_2020.tif,EPSG:3857,1000.00x0.00,"(-12185000.0000, -7542000.0000, -3210000.0000, 1505000.0000)",81196825,20729138,25.53,1,constant,float32,2020,WDPA,2.69
WDPA_WDPA_SA_1km_2021,/Users/gianluca/Desktop/Master's Thesis/code/data/WDPA/WDPA_SA_1km_2021.tif,EPSG:3857,1000.00x0.00,"(-12185000.0000, -7542000.0000, -3210000.0000, 1505000.0000)",81196825,20729138,25.53,1,constant,float32,2021,WDPA,2.69
WDPA_WDPA_SA_1km_2022,/Users/gianluca/Desktop/Master's Thesis/code/data/WDPA/WDPA_SA_1km_2022.tif,EPSG:3857,1000.00x0.00,"(-12185000.0000, -7542000.0000, -3210000.0000, 1505000.0000)",81196825,20729138,25.53,1,constant,float32,2022,WDPA,2.69
WDPA_WDPA_SA_1km_2023,/Users/gianluca/Desktop/Master's Thesis/code/data/WDPA/WDPA_SA_1km_2023.tif,EPSG:3857,1000.00x0.00,"(-12185000.0000, -7542000.0000, -3210000.0000, 1505000.0000)",81196825,20729138,25.53,1,constant,float32,2023,WDPA,2.69
WDPA_WDPA_SA_1km_2024,/Users/gianluca/Desktop/Master's Thesis/code/data/WDPA/WDPA_SA_1km_2024.tif,EPSG:3857,1000.00x0.00,"(-12185000.0000, -7542000.0000, -3210000.0000, 1505000.0000)",81196825,20729138,25.53,1,constant,float32,2024,WDPA,2.69
WorldClim_WorldClim_BIO_SA_1km-0000000000-0000000000,/Users/gianluca/Desktop/Master's Thesis/code/data/WorldClim/WorldClim_BIO_SA_1km-0000000000-0000000000.tif,EPSG:3857,1000.00x0.00,"(-12185000.0000, -6175000.0000, -4505000.0000, 1505000.0000)",58982400,19319531,32.75,19,bio01; bio02; bio03; bio04; bio05; bio06; bio07; bio08; bio09; bio10; bio11; bio12; bio13; bio14; bio15; bio16; bio17; bio18; bio19,float32,N/A,WorldClim,1166.09
WorldClim_WorldClim_BIO_SA_1km-0000000000-0000007680,/Users/gianluca/Desktop/Master's Thesis/code/data/WorldClim/WorldClim_BIO_SA_1km-0000000000-0000007680.tif,EPSG:3857,1000.00x0.00,"(-4505000.0000, -6175000.0000, -3210000.0000, 1505000.0000)",9945600,620860,6.24,19,bio01; bio02; bio03; bio04; bio05; bio06; bio07; bio08; bio09; bio10; bio11; bio12; bio13; bio14; bio15; bio16; bio17; bio18; bio19,float32,N/A,WorldClim,45.89
WorldClim_WorldClim_BIO_SA_1km-0000007680-0000000000,/Users/gianluca/Desktop/Master's Thesis/code/data/WorldClim/WorldClim_BIO_SA_1km-0000007680-0000000000.tif,EPSG:3857,1000.00x0.00,"(-12185000.0000, -7542000.0000, -4505000.0000, -6175000.0000)",10498560,788747,7.51,19,bio01; bio02; bio03; bio04; bio05; bio06; bio07; bio08; bio09; bio10; bio11; bio12; bio13; bio14; bio15; bio16; bio17; bio18; bio19,float32,N/A,WorldClim,52.96
WorldClim_WorldClim_BIO_SA_1km-0000007680-0000007680,/Users/gianluca/Desktop/Master's Thesis/code/data/WorldClim/WorldClim_BIO_SA_1km-0000007680-0000007680.tif,EPSG:3857,1000.00x0.00,"(-4505000.0000, -7542000.0000, -3210000.0000, -6175000.0000)",1770265,0,0.0,19,bio01; bio02; bio03; bio04; bio05; bio06; bio07; bio08; bio09; bio10; bio11; bio12; bio13; bio14; bio15; bio16; bio17; bio18; bio19,float32,N/A,WorldClim,0.46
assetlevel_FA_assets_capacity_SA_1km,/Users/gianluca/Desktop/Master's Thesis/code/data/assetlevel/FA_assets_capacity_SA_1km.tif,EPSG:3857,1000.00x0.00,"(-12185000.0000, -7542000.0000, -3210000.0000, 1505000.0000)",81196825,81196825,100.0,1,,float32,N/A,assetlevel,1.1
assetlevel_FA_assets_count_SA_1km,/Users/gianluca/Desktop/Master's Thesis/code/data/assetlevel/FA_assets_count_SA_1km.tif,EPSG:3857,1000.00x0.00,"(-12185000.0000, -7542000.0000, -3210000.0000, 1505000.0000)",81196825,81196825,100.0,1,,int16,N/A,assetlevel,0.78
deforestation_Deforestation_SA_1km_2000,/Users/gianluca/Desktop/Master's Thesis/code/data/deforestation/Deforestation_SA_1km_2000.tif,EPSG:3857,1000.00x0.00,"(-12185000.0000, -7542000.0000, -3210000.0000, 1505000.0000)",81196825,20729138,25.53,3,forest_cover_2000; forest_loss_2000; cumulative_loss_2000,float32,2000,deforestation,23.65
deforestation_Deforestation_SA_1km_2001,/Users/gianluca/Desktop/Master's Thesis/code/data/deforestation/Deforestation_SA_1km_2001.tif,EPSG:3857,1000.00x0.00,"(-12185000.0000, -7542000.0000, -3210000.0000, 1505000.0000)",81196825,20729138,25.53,3,forest_cover_2001; forest_loss_2001; cumulative_loss_2001,float32,2001,deforestation,21.28
deforestation_Deforestation_SA_1km_2002,/Users/gianluca/Desktop/Master's Thesis/code/data/deforestation/Deforestation_SA_1km_2002.tif,EPSG:3857,1000.00x0.00,"(-12185000.0000, -7542000.0000, -3210000.0000, 1505000.0000)",81196825,20729138,25.53,3,forest_cover_2002; forest_loss_2002; cumulative_loss_2002,float32,2002,deforestation,21.67
deforestation_Deforestation_SA_1km_2003,/Users/gianluca/Desktop/Master's Thesis/code/data/deforestation/Deforestation_SA_1km_2003.tif,EPSG:3857,1000.00x0.00,"(-12185000.0000, -7542000.0000, -3210000.0000, 1505000.0000)",81196825,20729138,25.53,3,forest_cover_2003; forest_loss_2003; cumulative_loss_2003,float32,2003,deforestation,21.91
deforestation_Deforestation_SA_1km_2004,/Users/gianluca/Desktop/Master's Thesis/code/data/deforestation/Deforestation_SA_1km_2004.tif,EPSG:3857,1000.00x0.00,"(-12185000.0000, -7542000.0000, -3210000.0000, 1505000.0000)",81196825,20729138,25.53,3,forest_cover_2004; forest_loss_2004; cumulative_loss_2004,float32,2004,deforestation,22.15
deforestation_Deforestation_SA_1km_2005,/Users/gianluca/Desktop/Master's Thesis/code/data/deforestation/Deforestation_SA_1km_2005.tif,EPSG:3857,1000.00x0.00,"(-12185000.0000, -7542000.0000, -3210000.0000, 1505000.0000)",81196825,20729138,25.53,3,forest_cover_2005; forest_loss_2005; cumulative_loss_2005,float32,2005,deforestation,22.28
deforestation_Deforestation_SA_1km_2006,/Users/gianluca/Desktop/Master's Thesis/code/data/deforestation/Deforestation_SA_1km_2006.tif,EPSG:3857,1000.00x0.00,"(-12185000.0000, -7542000.0000, -3210000.0000, 1505000.0000)",81196825,20729138,25.53,3,forest_cover_2006; forest_loss_2006; cumulative_loss_2006,float32,2006,deforestation,22.33
deforestation_Deforestation_SA_1km_2007,/Users/gianluca/Desktop/Master's Thesis/code/data/deforestation/Deforestation_SA_1km_2007.tif,EPSG:3857,1000.00x0.00,"(-12185000.0000, -7542000.0000, -3210000.0000, 1505000.0000)",81196825,20729138,25.53,3,forest_cover_2007; forest_loss_2007; cumulative_loss_2007,float32,2007,deforestation,22.35
deforestation_Deforestation_SA_1km_2008,/Users/gianluca/Desktop/Master's Thesis/code/data/deforestation/Deforestation_SA_1km_2008.tif,EPSG:3857,1000.00x0.00,"(-12185000.0000, -7542000.0000, -3210000.0000, 1505000.0000)",81196825,20729138,25.53,3,forest_cover_2008; forest_loss_2008; cumulative_loss_2008,float32,2008,deforestation,22.31
deforestation_Deforestation_SA_1km_2009,/Users/gianluca/Desktop/Master's Thesis/code/data/deforestation/Deforestation_SA_1km_2009.tif,EPSG:3857,1000.00x0.00,"(-12185000.0000, -7542000.0000, -3210000.0000, 1505000.0000)",81196825,20729138,25.53,3,forest_cover_2009; forest_loss_2009; cumulative_loss_2009,float32,2009,deforestation,22.17
deforestation_Deforestation_SA_1km_2010,/Users/gianluca/Desktop/Master's Thesis/code/data/deforestation/Deforestation_SA_1km_2010.tif,EPSG:3857,1000.00x0.00,"(-12185000.0000, -7542000.0000, -3210000.0000, 1505000.0000)",81196825,20729138,25.53,3,forest_cover_2010; forest_loss_2010; cumulative_loss_2010,float32,2010,deforestation,22.04
deforestation_Deforestation_SA_1km_2011,/Users/gianluca/Desktop/Master's Thesis/code/data/deforestation/Deforestation_SA_1km_2011.tif,EPSG:3857,1000.00x0.00,"(-12185000.0000, -7542000.0000, -3210000.0000, 1505000.0000)",81196825,20729138,25.53,3,forest_cover_2011; forest_loss_2011; cumulative_loss_2011,float32,2011,deforestation,21.78
deforestation_Deforestation_SA_1km_2012,/Users/gianluca/Desktop/Master's Thesis/code/data/deforestation/Deforestation_SA_1km_2012.tif,EPSG:3857,1000.00x0.00,"(-12185000.0000, -7542000.0000, -3210000.0000, 1505000.0000)",81196825,20729138,25.53,3,forest_cover_2012; forest_loss_2012; cumulative_loss_2012,float32,2012,deforestation,21.36
deforestation_Deforestation_SA_1km_2013,/Users/gianluca/Desktop/Master's Thesis/code/data/deforestation/Deforestation_SA_1km_2013.tif,EPSG:3857,1000.00x0.00,"(-12185000.0000, -7542000.0000, -3210000.0000, 1505000.0000)",81196825,20729138,25.53,3,forest_cover_2013; forest_loss_2013; cumulative_loss_2013,float32,2013,deforestation,20.77
deforestation_Deforestation_SA_1km_2014,/Users/gianluca/Desktop/Master's Thesis/code/data/deforestation/Deforestation_SA_1km_2014.tif,EPSG:3857,1000.00x0.00,"(-12185000.0000, -7542000.0000, -3210000.0000, 1505000.0000)",81196825,20729138,25.53,3,forest_cover_2014; forest_loss_2014; cumulative_loss_2014,float32,2014,deforestation,20.2
deforestation_Deforestation_SA_1km_2015,/Users/gianluca/Desktop/Master's Thesis/code/data/deforestation/Deforestation_SA_1km_2015.tif,EPSG:3857,1000.00x0.00,"(-12185000.0000, -7542000.0000, -3210000.0000, 1505000.0000)",81196825,20729138,25.53,3,forest_cover_2015; forest_loss_2015; cumulative_loss_2015,float32,2015,deforestation,19.64
deforestation_Deforestation_SA_1km_2016,/Users/gianluca/Desktop/Master's Thesis/code/data/deforestation/Deforestation_SA_1km_2016.tif,EPSG:3857,1000.00x0.00,"(-12185000.0000, -7542000.0000, -3210000.0000, 1505000.0000)",81196825,20729138,25.53,3,forest_cover_2016; forest_loss_2016; cumulative_loss_2016,float32,2016,deforestation,19.12
deforestation_Deforestation_SA_1km_2017,/Users/gianluca/Desktop/Master's Thesis/code/data/deforestation/Deforestation_SA_1km_2017.tif,EPSG:3857,1000.00x0.00,"(-12185000.0000, -7542000.0000, -3210000.0000, 1505000.0000)",81196825,20729138,25.53,3,forest_cover_2017; forest_loss_2017; cumulative_loss_2017,float32,2017,deforestation,18.1
deforestation_Deforestation_SA_1km_2018,/Users/gianluca/Desktop/Master's Thesis/code/data/deforestation/Deforestation_SA_1km_2018.tif,EPSG:3857,1000.00x0.00,"(-12185000.0000, -7542000.0000, -3210000.0000, 1505000.0000)",81196825,20729138,25.53,3,forest_cover_2018; forest_loss_2018; cumulative_loss_2018,float32,2018,deforestation,17.17
deforestation_Deforestation_SA_1km_2019,/Users/gianluca/Desktop/Master's Thesis/code/data/deforestation/Deforestation_SA_1km_2019.tif,EPSG:3857,1000.00x0.00,"(-12185000.0000, -7542000.0000, -3210000.0000, 1505000.0000)",81196825,20729138,25.53,3,forest_cover_2019; forest_loss_2019; cumulative_loss_2019,float32,2019,deforestation,16.38
deforestation_Deforestation_SA_1km_2020,/Users/gianluca/Desktop/Master's Thesis/code/data/deforestation/Deforestation_SA_1km_2020.tif,EPSG:3857,1000.00x0.00,"(-12185000.0000, -7542000.0000, -3210000.0000, 1505000.0000)",81196825,20729138,25.53,3,forest_cover_2020; forest_loss_2020; cumulative_loss_2020,float32,2020,deforestation,15.43
deforestation_Deforestation_SA_1km_2021,/Users/gianluca/Desktop/Master's Thesis/code/data/deforestation/Deforestation_SA_1km_2021.tif,EPSG:3857,1000.00x0.00,"(-12185000.0000, -7542000.0000, -3210000.0000, 1505000.0000)",81196825,20729138,25.53,3,forest_cover_2021; forest_loss_2021; cumulative_loss_2021,float32,2021,deforestation,14.3
deforestation_Deforestation_SA_1km_2022,/Users/gianluca/Desktop/Master's Thesis/code/data/deforestation/Deforestation_SA_1km_2022.tif,EPSG:3857,1000.00x0.00,"(-12185000.0000, -7542000.0000, -3210000.0000, 1505000.0000)",81196825,20729138,25.53,3,forest_cover_2022; forest_loss_2022; cumulative_loss_2022,float32,2022,deforestation,12.93
deforestation_Deforestation_SA_1km_2023,/Users/gianluca/Desktop/Master's Thesis/code/data/deforestation/Deforestation_SA_1km_2023.tif,EPSG:3857,1000.00x0.00,"(-12185000.0000, -7542000.0000, -3210000.0000, 1505000.0000)",81196825,20729138,25.53,3,forest_cover_2023; forest_loss_2023; cumulative_loss_2023,float32,2023,deforestation,11.32
deforestation_Deforestation_SA_1km_2024,/Users/gianluca/Desktop/Master's Thesis/code/data/deforestation/Deforestation_SA_1km_2024.tif,EPSG:3857,1000.00x0.00,"(-12185000.0000, -7542000.0000, -3210000.0000, 1505000.0000)",81196825,20729138,25.53,3,forest_cover_2024; forest_loss_2024; cumulative_loss_2024,float32,2024,deforestation,8.63
elevation_Elevation_SA_1km,/Users/gianluca/Desktop/Master's Thesis/code/data/elevation/Elevation_SA_1km.tif,EPSG:3857,1000.00x0.00,"(-12185000.0000, -7542000.0000, -3210000.0000, 1505000.0000)",81196825,20729138,25.53,1,elevation,float32,N/A,elevation,34.58
elevation_Slope_SA_1km,/Users/gianluca/Desktop/Master's Thesis/code/data/elevation/Slope_SA_1km.tif,EPSG:3857,1000.00x0.00,"(-12185000.0000, -7542000.0000, -3210000.0000, 1505000.0000)",81196825,20729138,25.53,1,slope,float32,N/A,elevation,92.9
gdp_GDP_per_capita_SA_1km,/Users/gianluca/Desktop/Master's Thesis/code/data/gdp/GDP_per_capita_SA_1km.tif,EPSG:3857,1000.00x0.00,"(-12185000.0000, -7542000.0000, -3210000.0000, 1505000.0000)",81196825,81196825,100.0,1,,float32,N/A,gdp,25.54
gdp_GDP_per_capita_SA_1km_2012,/Users/gianluca/Desktop/Master's Thesis/code/data/gdp/GDP_per_capita_SA_1km_2012.tif,EPSG:3857,1000.00x0.00,"(-12185000.0000, -7542000.0000, -3210000.0000, 1505000.0000)",81196825,81196825,100.0,1,,float32,2012,gdp,25.13
gdp_GDP_per_capita_SA_1km_2013,/Users/gianluca/Desktop/Master's Thesis/code/data/gdp/GDP_per_capita_SA_1km_2013.tif,EPSG:3857,1000.00x0.00,"(-12185000.0000, -7542000.0000, -3210000.0000, 1505000.0000)",81196825,81196825,100.0,1,,float32,2013,gdp,25.42
gdp_GDP_per_capita_SA_1km_2014,/Users/gianluca/Desktop/Master's Thesis/code/data/gdp/GDP_per_capita_SA_1km_2014.tif,EPSG:3857,1000.00x0.00,"(-12185000.0000, -7542000.0000, -3210000.0000, 1505000.0000)",81196825,81196825,100.0,1,,float32,2014,gdp,25.43
gdp_GDP_per_capita_SA_1km_2015,/Users/gianluca/Desktop/Master's Thesis/code/data/gdp/GDP_per_capita_SA_1km_2015.tif,EPSG:3857,1000.00x0.00,"(-12185000.0000, -7542000.0000, -3210000.0000, 1505000.0000)",81196825,81196825,100.0,1,,float32,2015,gdp,25.41
gdp_GDP_per_capita_SA_1km_2016,/Users/gianluca/Desktop/Master's Thesis/code/data/gdp/GDP_per_capita_SA_1km_2016.tif,EPSG:3857,1000.00x0.00,"(-12185000.0000, -7542000.0000, -3210000.0000, 1505000.0000)",81196825,81196825,100.0,1,,float32,2016,gdp,25.39
gdp_GDP_per_capita_SA_1km_2017,/Users/gianluca/Desktop/Master's Thesis/code/data/gdp/GDP_per_capita_SA_1km_2017.tif,EPSG:3857,1000.00x0.00,"(-12185000.0000, -7542000.0000, -3210000.0000, 1505000.0000)",81196825,81196825,100.0,1,,float32,2017,gdp,25.4
gdp_GDP_per_capita_SA_1km_2018,/Users/gianluca/Desktop/Master's Thesis/code/data/gdp/GDP_per_capita_SA_1km_2018.tif,EPSG:3857,1000.00x0.00,"(-12185000.0000, -7542000.0000, -3210000.0000, 1505000.0000)",81196825,81196825,100.0,1,,float32,2018,gdp,25.24
gdp_GDP_per_capita_SA_1km_2019,/Users/gianluca/Desktop/Master's Thesis/code/data/gdp/GDP_per_capita_SA_1km_2019.tif,EPSG:3857,1000.00x0.00,"(-12185000.0000, -7542000.0000, -3210000.0000, 1505000.0000)",81196825,81196825,100.0,1,,float32,2019,gdp,25.24
gdp_GDP_per_capita_SA_1km_2020,/Users/gianluca/Desktop/Master's Thesis/code/data/gdp/GDP_per_capita_SA_1km_2020.tif,EPSG:3857,1000.00x0.00,"(-12185000.0000, -7542000.0000, -3210000.0000, 1505000.0000)",81196825,81196825,100.0,1,,float32,2020,gdp,25.3
gdp_GDP_per_capita_SA_1km_2021,/Users/gianluca/Desktop/Master's Thesis/code/data/gdp/GDP_per_capita_SA_1km_2021.tif,EPSG:3857,1000.00x0.00,"(-12185000.0000, -7542000.0000, -3210000.0000, 1505000.0000)",81196825,81196825,100.0,1,,float32,2021,gdp,25.29
landcover_MODIS_landcover_SA_1km_2001,/Users/gianluca/Desktop/Master's Thesis/code/data/landcover/MODIS_landcover_SA_1km_2001.tif,EPSG:3857,1000.00x0.00,"(-12185000.0000, -7542000.0000, -3210000.0000, 1505000.0000)",81196825,81196825,100.0,1,LC_Type1,int16,2001,landcover,3.87
landcover_MODIS_landcover_SA_1km_2002,/Users/gianluca/Desktop/Master's Thesis/code/data/landcover/MODIS_landcover_SA_1km_2002.tif,EPSG:3857,1000.00x0.00,"(-12185000.0000, -7542000.0000, -3210000.0000, 1505000.0000)",81196825,81196825,100.0,1,LC_Type1,int16,2002,landcover,3.73
landcover_MODIS_landcover_SA_1km_2003,/Users/gianluca/Desktop/Master's Thesis/code/data/landcover/MODIS_landcover_SA_1km_2003.tif,EPSG:3857,1000.00x0.00,"(-12185000.0000, -7542000.0000, -3210000.0000, 1505000.0000)",81196825,81196825,100.0,1,LC_Type1,int16,2003,landcover,3.68
landcover_MODIS_landcover_SA_1km_2004,/Users/gianluca/Desktop/Master's Thesis/code/data/landcover/MODIS_landcover_SA_1km_2004.tif,EPSG:3857,1000.00x0.00,"(-12185000.0000, -7542000.0000, -3210000.0000, 1505000.0000)",81196825,81196825,100.0,1,LC_Type1,int16,2004,landcover,3.67
landcover_MODIS_landcover_SA_1km_2005,/Users/gianluca/Desktop/Master's Thesis/code/data/landcover/MODIS_landcover_SA_1km_2005.tif,EPSG:3857,1000.00x0.00,"(-12185000.0000, -7542000.0000, -3210000.0000, 1505000.0000)",81196825,81196825,100.0,1,LC_Type1,int16,2005,landcover,3.66
landcover_MODIS_landcover_SA_1km_2006,/Users/gianluca/Desktop/Master's Thesis/code/data/landcover/MODIS_landcover_SA_1km_2006.tif,EPSG:3857,1000.00x0.00,"(-12185000.0000, -7542000.0000, -3210000.0000, 1505000.0000)",81196825,81196825,100.0,1,LC_Type1,int16,2006,landcover,3.65
landcover_MODIS_landcover_SA_1km_2007,/Users/gianluca/Desktop/Master's Thesis/code/data/landcover/MODIS_landcover_SA_1km_2007.tif,EPSG:3857,1000.00x0.00,"(-12185000.0000, -7542000.0000, -3210000.0000, 1505000.0000)",81196825,81196825,100.0,1,LC_Type1,int16,2007,landcover,3.68
landcover_MODIS_landcover_SA_1km_2008,/Users/gianluca/Desktop/Master's Thesis/code/data/landcover/MODIS_landcover_SA_1km_2008.tif,EPSG:3857,1000.00x0.00,"(-12185000.0000, -7542000.0000, -3210000.0000, 1505000.0000)",81196825,81196825,100.0,1,LC_Type1,int16,2008,landcover,3.7
landcover_MODIS_landcover_SA_1km_2009,/Users/gianluca/Desktop/Master's Thesis/code/data/landcover/MODIS_landcover_SA_1km_2009.tif,EPSG:3857,1000.00x0.00,"(-12185000.0000, -7542000.0000, -3210000.0000, 1505000.0000)",81196825,81196825,100.0,1,LC_Type1,int16,2009,landcover,3.71
landcover_MODIS_landcover_SA_1km_2010,/Users/gianluca/Desktop/Master's Thesis/code/data/landcover/MODIS_landcover_SA_1km_2010.tif,EPSG:3857,1000.00x0.00,"(-12185000.0000, -7542000.0000, -3210000.0000, 1505000.0000)",81196825,81196825,100.0,1,LC_Type1,int16,2010,landcover,3.72
landcover_MODIS_landcover_SA_1km_2011,/Users/gianluca/Desktop/Master's Thesis/code/data/landcover/MODIS_landcover_SA_1km_2011.tif,EPSG:3857,1000.00x0.00,"(-12185000.0000, -7542000.0000, -3210000.0000, 1505000.0000)",81196825,81196825,100.0,1,LC_Type1,int16,2011,landcover,3.75
landcover_MODIS_landcover_SA_1km_2012,/Users/gianluca/Desktop/Master's Thesis/code/data/landcover/MODIS_landcover_SA_1km_2012.tif,EPSG:3857,1000.00x0.00,"(-12185000.0000, -7542000.0000, -3210000.0000, 1505000.0000)",81196825,81196825,100.0,1,LC_Type1,int16,2012,landcover,3.73
landcover_MODIS_landcover_SA_1km_2013,/Users/gianluca/Desktop/Master's Thesis/code/data/landcover/MODIS_landcover_SA_1km_2013.tif,EPSG:3857,1000.00x0.00,"(-12185000.0000, -7542000.0000, -3210000.0000, 1505000.0000)",81196825,81196825,100.0,1,LC_Type1,int16,2013,landcover,3.71
landcover_MODIS_landcover_SA_1km_2014,/Users/gianluca/Desktop/Master's Thesis/code/data/landcover/MODIS_landcover_SA_1km_2014.tif,EPSG:3857,1000.00x0.00,"(-12185000.0000, -7542000.0000, -3210000.0000, 1505000.0000)",81196825,81196825,100.0,1,LC_Type1,int16,2014,landcover,3.73
landcover_MODIS_landcover_SA_1km_2015,/Users/gianluca/Desktop/Master's Thesis/code/data/landcover/MODIS_landcover_SA_1km_2015.tif,EPSG:3857,1000.00x0.00,"(-12185000.0000, -7542000.0000, -3210000.0000, 1505000.0000)",81196825,81196825,100.0,1,LC_Type1,int16,2015,landcover,3.75
landcover_MODIS_landcover_SA_1km_2016,/Users/gianluca/Desktop/Master's Thesis/code/data/landcover/MODIS_landcover_SA_1km_2016.tif,EPSG:3857,1000.00x0.00,"(-12185000.0000, -7542000.0000, -3210000.0000, 1505000.0000)",81196825,81196825,100.0,1,LC_Type1,int16,2016,landcover,3.75
landcover_MODIS_landcover_SA_1km_2017,/Users/gianluca/Desktop/Master's Thesis/code/data/landcover/MODIS_landcover_SA_1km_2017.tif,EPSG:3857,1000.00x0.00,"(-12185000.0000, -7542000.0000, -3210000.0000, 1505000.0000)",81196825,81196825,100.0,1,LC_Type1,int16,2017,landcover,3.77
landcover_MODIS_landcover_SA_1km_2018,/Users/gianluca/Desktop/Master's Thesis/code/data/landcover/MODIS_landcover_SA_1km_2018.tif,EPSG:3857,1000.00x0.00,"(-12185000.0000, -7542000.0000, -3210000.0000, 1505000.0000)",81196825,81196825,100.0,1,LC_Type1,int16,2018,landcover,3.77
landcover_MODIS_landcover_SA_1km_2019,/Users/gianluca/Desktop/Master's Thesis/code/data/landcover/MODIS_landcover_SA_1km_2019.tif,EPSG:3857,1000.00x0.00,"(-12185000.0000, -7542000.0000, -3210000.0000, 1505000.0000)",81196825,81196825,100.0,1,LC_Type1,int16,2019,landcover,3.77
landcover_MODIS_landcover_SA_1km_2020,/Users/gianluca/Desktop/Master's Thesis/code/data/landcover/MODIS_landcover_SA_1km_2020.tif,EPSG:3857,1000.00x0.00,"(-12185000.0000, -7542000.0000, -3210000.0000, 1505000.0000)",81196825,81196825,100.0,1,LC_Type1,int16,2020,landcover,3.77
landcover_MODIS_landcover_SA_1km_2021,/Users/gianluca/Desktop/Master's Thesis/code/data/landcover/MODIS_landcover_SA_1km_2021.tif,EPSG:3857,1000.00x0.00,"(-12185000.0000, -7542000.0000, -3210000.0000, 1505000.0000)",81196825,81196825,100.0,1,LC_Type1,int16,2021,landcover,3.77
landcover_MODIS_landcover_SA_1km_2022,/Users/gianluca/Desktop/Master's Thesis/code/data/landcover/MODIS_landcover_SA_1km_2022.tif,EPSG:3857,1000.00x0.00,"(-12185000.0000, -7542000.0000, -3210000.0000, 1505000.0000)",81196825,81196825,100.0,1,LC_Type1,int16,2022,landcover,3.74
landcover_MODIS_landcover_SA_1km_2023,/Users/gianluca/Desktop/Master's Thesis/code/data/landcover/MODIS_landcover_SA_1km_2023.tif,EPSG:3857,1000.00x0.00,"(-12185000.0000, -7542000.0000, -3210000.0000, 1505000.0000)",81196825,81196825,100.0,1,LC_Type1,int16,2023,landcover,3.75
landcover_MODIS_landcover_SA_1km_2024,/Users/gianluca/Desktop/Master's Thesis/code/data/landcover/MODIS_landcover_SA_1km_2024.tif,EPSG:3857,1000.00x0.00,"(-12185000.0000, -7542000.0000, -3210000.0000, 1505000.0000)",81196825,81196825,100.0,1,LC_Type1,int16,2024,landcover,3.77
oil_gas_Oil_Gas_Infrastructure_SA_1km,/Users/gianluca/Desktop/Master's Thesis/code/data/oil_gas/Oil_Gas_Infrastructure_SA_1km.tif,EPSG:3857,1000.00x0.00,"(-12185000.0000, -7542000.0000, -3210000.0000, 1505000.0000)",81196825,20729138,25.53,1,infrastructure_count,float32,N/A,oil_gas,2.34
old data_satellite_embeddings_1km_zurich,/Users/gianluca/Desktop/Master's Thesis/code/data/old data/satellite_embeddings_1km_zurich.tif,EPSG:3857,100.00x0.00,"(877500.0000, 5930100.0000, 1024600.0000, 6078100.0000)",2177080,1005137,46.17,64,A00; A01; A02; A03; A04; A05; A06; A07; A08; A09; A10; A11; A12; A13; A14; A15; A16; A17; A18; A19; A20; A21; A22; A23; A24; A25; A26; A27; A28; A29; A30; A31; A32; A33; A34; A35; A36; A37; A38; A39; A40; A41; A42; A43; A44; A45; A46; A47; A48; A49; A50; A51; A52; A53; A54; A55; A56; A57; A58; A59; A60; A61; A62; A63,float64,N/A,old data,826.2
old data_satellite_embeddings_v1_zurich,/Users/gianluca/Desktop/Master's Thesis/code/data/old data/satellite_embeddings_v1_zurich.tif,EPSG:32632,10.00x0.00,"(460390.0000, 5252190.0000, 470420.0000, 5242120.0000)",1010021,925444,91.63,64,A00; A01; A02; A03; A04; A05; A06; A07; A08; A09; A10; A11; A12; A13; A14; A15; A16; A17; A18; A19; A20; A21; A22; A23; A24; A25; A26; A27; A28; A29; A30; A31; A32; A33; A34; A35; A36; A37; A38; A39; A40; A41; A42; A43; A44; A45; A46; A47; A48; A49; A50; A51; A52; A53; A54; A55; A56; A57; A58; A59; A60; A61; A62; A63,float64,N/A,old data,164.55
old data_satellite_embeddings_v1_zurich_1km,/Users/gianluca/Desktop/Master's Thesis/code/data/old data/satellite_embeddings_v1_zurich_1km.tif,EPSG:3857,1000.00x0.00,"(943000.0000, 5996000.0000, 959000.0000, 6012000.0000)",256,240,93.75,64,A00; A01; A02; A03; A04; A05; A06; A07; A08; A09; A10; A11; A12; A13; A14; A15; A16; A17; A18; A19; A20; A21; A22; A23; A24; A25; A26; A27; A28; A29; A30; A31; A32; A33; A34; A35; A36; A37; A38; A39; A40; A41; A42; A43; A44; A45; A46; A47; A48; A49; A50; A51; A52; A53; A54; A55; A56; A57; A58; A59; A60; A61; A62; A63,float64,N/A,old data,0.19
old data_south_america_2012_complete_stack,/Users/gianluca/Desktop/Master's Thesis/code/data/old data/south_america_2012_complete_stack.tif,EPSG:3857,1000.00x0.00,"(-12185000.0000, -7542000.0000, -3210000.0000, 1505000.0000)",81196825,20683599,25.47,8,population; protected_areas; night_lights; climate_stabilization; high_biodiversity; intact_wilderness; wildlife_corridors; terrestrial_ecoregions,float32,2012,old data,132.69
old data_south_america_2017_complete_stack,/Users/gianluca/Desktop/Master's Thesis/code/data/old data/south_america_2017_complete_stack.tif,EPSG:3857,1000.00x0.00,"(-12185000.0000, -7542000.0000, -3210000.0000, 1505000.0000)",81196825,20683599,25.47,8,population; protected_areas; night_lights; climate_stabilization; high_biodiversity; intact_wilderness; wildlife_corridors; terrestrial_ecoregions,float32,2017,old data,127.22
old data_south_america_2022_complete_stack,/Users/gianluca/Desktop/Master's Thesis/code/data/old data/south_america_2022_complete_stack.tif,EPSG:3857,1000.00x0.00,"(-12185000.0000, -7542000.0000, -3210000.0000, 1505000.0000)",81196825,20683599,25.47,8,population; protected_areas; night_lights; climate_stabilization; high_biodiversity; intact_wilderness; wildlife_corridors; terrestrial_ecoregions,float32,2022,old data,126.53
old_climate_stabilization_area_mask_1km,/Users/gianluca/Desktop/Master's Thesis/code/data/output_masks/old/climate_stabilization_area_mask_1km.tif,EPSG:4326,0.01x0.00,"(-109.4597, -55.9201, -28.8359, 13.3939)",69251100,69251100,100.0,1,,uint8,N/A,output_masks,0.38
old_climate_stabilization_mask_1km,/Users/gianluca/Desktop/Master's Thesis/code/data/output_masks/old/climate_stabilization_mask_1km.tif,EPSG:3857,1000.00x0.00,"(-12185000.0000, -7542000.0000, -3210000.0000, 1505000.0000)",81196825,81196825,100.0,1,,float32,N/A,output_masks,1.33
old_high_biodiversity_mask_1km,/Users/gianluca/Desktop/Master's Thesis/code/data/output_masks/old/high_biodiversity_mask_1km.tif,EPSG:3857,1000.00x0.00,"(-12185000.0000, -7542000.0000, -3210000.0000, 1505000.0000)",81196825,81196825,100.0,1,,float32,N/A,output_masks,1.77
old_intact_wilderness_areas_mask_1km,/Users/gianluca/Desktop/Master's Thesis/code/data/output_masks/old/intact_wilderness_areas_mask_1km.tif,EPSG:4326,0.01x0.00,"(-109.4597, -55.9201, -28.8359, 13.3939)",69251100,69251100,100.0,1,,uint8,N/A,output_masks,0.49
old_intact_wilderness_mask_1km,/Users/gianluca/Desktop/Master's Thesis/code/data/output_masks/old/intact_wilderness_mask_1km.tif,EPSG:3857,1000.00x0.00,"(-12185000.0000, -7542000.0000, -3210000.0000, 1505000.0000)",81196825,81196825,100.0,1,,float32,N/A,output_masks,1.55
old_potential_wildlife_corridors_mask_1km,/Users/gianluca/Desktop/Master's Thesis/code/data/output_masks/old/potential_wildlife_corridors_mask_1km.tif,EPSG:4326,0.01x0.00,"(-109.4597, -55.9201, -28.8359, 13.3939)",69251100,69251100,100.0,1,,uint8,N/A,output_masks,0.54
old_terrestrial_ecoregions_mask_1km,/Users/gianluca/Desktop/Master's Thesis/code/data/output_masks/old/terrestrial_ecoregions_mask_1km.tif,EPSG:3857,1000.00x0.00,"(-12185000.0000, -7542000.0000, -3210000.0000, 1505000.0000)",81196825,81196825,100.0,1,,float32,N/A,output_masks,2.27
old_wildlife_corridors_mask_1km,/Users/gianluca/Desktop/Master's Thesis/code/data/output_masks/old/wildlife_corridors_mask_1km.tif,EPSG:3857,1000.00x0.00,"(-12185000.0000, -7542000.0000, -3210000.0000, 1505000.0000)",81196825,81196825,100.0,1,,float32,N/A,output_masks,1.59
output_masks_gsn_climate_stabilisation_areas_mask_1km,/Users/gianluca/Desktop/Master's Thesis/code/data/output_masks/gsn_climate_stabilisation_areas_mask_1km.tif,EPSG:3857,1000.00x0.00,"(-12185000.0000, -7542000.0000, -3210000.0000, 1505000.0000)",81196825,81196825,100.0,1,,uint8,N/A,output_masks,0.23
output_masks_gsn_high_biodiversity_areas_mask_1km,/Users/gianluca/Desktop/Master's Thesis/code/data/output_masks/gsn_high_biodiversity_areas_mask_1km.tif,EPSG:3857,1000.00x0.00,"(-12185000.0000, -7542000.0000, -3210000.0000, 1505000.0000)",81196825,81196825,100.0,1,,uint8,N/A,output_masks,0.67
output_masks_gsn_intact_wilderness_areas_mask_1km,/Users/gianluca/Desktop/Master's Thesis/code/data/output_masks/gsn_intact_wilderness_areas_mask_1km.tif,EPSG:3857,1000.00x0.00,"(-12185000.0000, -7542000.0000, -3210000.0000, 1505000.0000)",81196825,81196825,100.0,1,,uint8,N/A,output_masks,0.41
output_masks_gsn_potential_wildlife_corridors_mask_1km,/Users/gianluca/Desktop/Master's Thesis/code/data/output_masks/gsn_potential_wildlife_corridors_mask_1km.tif,EPSG:3857,1000.00x0.00,"(-12185000.0000, -7542000.0000, -3210000.0000, 1505000.0000)",81196825,81196825,100.0,1,,uint8,N/A,output_masks,0.46
output_masks_gsn_terrestrial_ecoregions_mask_1km,/Users/gianluca/Desktop/Master's Thesis/code/data/output_masks/gsn_terrestrial_ecoregions_mask_1km.tif,EPSG:3857,1000.00x0.00,"(-12185000.0000, -7542000.0000, -3210000.0000, 1505000.0000)",81196825,81196825,100.0,1,,uint8,N/A,output_masks,0.63
powerplants_GPPD_powerplants_SA_1km,/Users/gianluca/Desktop/Master's Thesis/code/data/powerplants/GPPD_powerplants_SA_1km.tif,EPSG:3857,1000.00x0.00,"(-12185000.0000, -7542000.0000, -3210000.0000, 1505000.0000)",81196825,20729138,25.53,1,powerplant_count,float32,N/A,powerplants,2.16
powerplants_GPPD_powerplants_with_fuel_SA_1km,/Users/gianluca/Desktop/Master's Thesis/code/data/powerplants/GPPD_powerplants_with_fuel_SA_1km.tif,EPSG:3857,1000.00x0.00,"(-12185000.0000, -7542000.0000, -3210000.0000, 1505000.0000)",81196825,20729138,25.53,2,powerplant_count; fuel_type,float32,N/A,powerplants,3.13
road_infrastructure_roads_sa_1km,/Users/gianluca/Desktop/Master's Thesis/code/data/road_infrastructure/roads_sa_1km.tif,EPSG:3857,1000.00x0.00,"(-12185000.0000, -7542000.0000, -3210000.0000, 1505000.0000)",81196825,81196825,100.0,1,,uint8,N/A,road_infrastructure,2.92
wildfire_Burned_Area_SA_1km_2000,/Users/gianluca/Desktop/Master's Thesis/code/data/wildfire/Burned_Area_SA_1km_2000.tif,EPSG:3857,1000.00x0.00,"(-12185000.0000, -7542000.0000, -3210000.0000, 1505000.0000)",81196825,20729138,25.53,2,burned_area_2000_burn_date; burned_area_2000_burned_mask,float32,2000,wildfire,3.3
wildfire_Burned_Area_SA_1km_2001,/Users/gianluca/Desktop/Master's Thesis/code/data/wildfire/Burned_Area_SA_1km_2001.tif,EPSG:3857,1000.00x0.00,"(-12185000.0000, -7542000.0000, -3210000.0000, 1505000.0000)",81196825,20729138,25.53,2,burned_area_2001_burn_date; burned_area_2001_burned_mask,float32,2001,wildfire,4.48
wildfire_Burned_Area_SA_1km_2002,/Users/gianluca/Desktop/Master's Thesis/code/data/wildfire/Burned_Area_SA_1km_2002.tif,EPSG:3857,1000.00x0.00,"(-12185000.0000, -7542000.0000, -3210000.0000, 1505000.0000)",81196825,20729138,25.53,2,burned_area_2002_burn_date; burned_area_2002_burned_mask,float32,2002,wildfire,5.01
wildfire_Burned_Area_SA_1km_2003,/Users/gianluca/Desktop/Master's Thesis/code/data/wildfire/Burned_Area_SA_1km_2003.tif,EPSG:3857,1000.00x0.00,"(-12185000.0000, -7542000.0000, -3210000.0000, 1505000.0000)",81196825,20729138,25.53,2,burned_area_2003_burn_date; burned_area_2003_burned_mask,float32,2003,wildfire,5.03
wildfire_Burned_Area_SA_1km_2004,/Users/gianluca/Desktop/Master's Thesis/code/data/wildfire/Burned_Area_SA_1km_2004.tif,EPSG:3857,1000.00x0.00,"(-12185000.0000, -7542000.0000, -3210000.0000, 1505000.0000)",81196825,20729138,25.53,2,burned_area_2004_burn_date; burned_area_2004_burned_mask,float32,2004,wildfire,5.06
wildfire_Burned_Area_SA_1km_2005,/Users/gianluca/Desktop/Master's Thesis/code/data/wildfire/Burned_Area_SA_1km_2005.tif,EPSG:3857,1000.00x0.00,"(-12185000.0000, -7542000.0000, -3210000.0000, 1505000.0000)",81196825,20729138,25.53,2,burned_area_2005_burn_date; burned_area_2005_burned_mask,float32,2005,wildfire,5.06
wildfire_Burned_Area_SA_1km_2006,/Users/gianluca/Desktop/Master's Thesis/code/data/wildfire/Burned_Area_SA_1km_2006.tif,EPSG:3857,1000.00x0.00,"(-12185000.0000, -7542000.0000, -3210000.0000, 1505000.0000)",81196825,20729138,25.53,2,burned_area_2006_burn_date; burned_area_2006_burned_mask,float32,2006,wildfire,4.64
wildfire_Burned_Area_SA_1km_2007,/Users/gianluca/Desktop/Master's Thesis/code/data/wildfire/Burned_Area_SA_1km_2007.tif,EPSG:3857,1000.00x0.00,"(-12185000.0000, -7542000.0000, -3210000.0000, 1505000.0000)",81196825,20729138,25.53,2,burned_area_2007_burn_date; burned_area_2007_burned_mask,float32,2007,wildfire,5.44
wildfire_Burned_Area_SA_1km_2008,/Users/gianluca/Desktop/Master's Thesis/code/data/wildfire/Burned_Area_SA_1km_2008.tif,EPSG:3857,1000.00x0.00,"(-12185000.0000, -7542000.0000, -3210000.0000, 1505000.0000)",81196825,20729138,25.53,2,burned_area_2008_burn_date; burned_area_2008_burned_mask,float32,2008,wildfire,4.74
wildfire_Burned_Area_SA_1km_2009,/Users/gianluca/Desktop/Master's Thesis/code/data/wildfire/Burned_Area_SA_1km_2009.tif,EPSG:3857,1000.00x0.00,"(-12185000.0000, -7542000.0000, -3210000.0000, 1505000.0000)",81196825,20729138,25.53,2,burned_area_2009_burn_date; burned_area_2009_burned_mask,float32,2009,wildfire,4.36
wildfire_Burned_Area_SA_1km_2010,/Users/gianluca/Desktop/Master's Thesis/code/data/wildfire/Burned_Area_SA_1km_2010.tif,EPSG:3857,1000.00x0.00,"(-12185000.0000, -7542000.0000, -3210000.0000, 1505000.0000)",81196825,20729138,25.53,2,burned_area_2010_burn_date; burned_area_2010_burned_mask,float32,2010,wildfire,5.31
wildfire_Burned_Area_SA_1km_2011,/Users/gianluca/Desktop/Master's Thesis/code/data/wildfire/Burned_Area_SA_1km_2011.tif,EPSG:3857,1000.00x0.00,"(-12185000.0000, -7542000.0000, -3210000.0000, 1505000.0000)",81196825,20729138,25.53,2,burned_area_2011_burn_date; burned_area_2011_burned_mask,float32,2011,wildfire,4.49
wildfire_Burned_Area_SA_1km_2012,/Users/gianluca/Desktop/Master's Thesis/code/data/wildfire/Burned_Area_SA_1km_2012.tif,EPSG:3857,1000.00x0.00,"(-12185000.0000, -7542000.0000, -3210000.0000, 1505000.0000)",81196825,20729138,25.53,2,burned_area_2012_burn_date; burned_area_2012_burned_mask,float32,2012,wildfire,4.72
wildfire_Burned_Area_SA_1km_2013,/Users/gianluca/Desktop/Master's Thesis/code/data/wildfire/Burned_Area_SA_1km_2013.tif,EPSG:3857,1000.00x0.00,"(-12185000.0000, -7542000.0000, -3210000.0000, 1505000.0000)",81196825,20729138,25.53,2,burned_area_2013_burn_date; burned_area_2013_burned_mask,float32,2013,wildfire,4.31
wildfire_Burned_Area_SA_1km_2014,/Users/gianluca/Desktop/Master's Thesis/code/data/wildfire/Burned_Area_SA_1km_2014.tif,EPSG:3857,1000.00x0.00,"(-12185000.0000, -7542000.0000, -3210000.0000, 1505000.0000)",81196825,20729138,25.53,2,burned_area_2014_burn_date; burned_area_2014_burned_mask,float32,2014,wildfire,4.45
wildfire_Burned_Area_SA_1km_2015,/Users/gianluca/Desktop/Master's Thesis/code/data/wildfire/Burned_Area_SA_1km_2015.tif,EPSG:3857,1000.00x0.00,"(-12185000.0000, -7542000.0000, -3210000.0000, 1505000.0000)",81196825,20729138,25.53,2,burned_area_2015_burn_date; burned_area_2015_burned_mask,float32,2015,wildfire,4.65
wildfire_Burned_Area_SA_1km_2016,/Users/gianluca/Desktop/Master's Thesis/code/data/wildfire/Burned_Area_SA_1km_2016.tif,EPSG:3857,1000.00x0.00,"(-12185000.0000, -7542000.0000, -3210000.0000, 1505000.0000)",81196825,20729138,25.53,2,burned_area_2016_burn_date; burned_area_2016_burned_mask,float32,2016,wildfire,4.62
wildfire_Burned_Area_SA_1km_2017,/Users/gianluca/Desktop/Master's Thesis/code/data/wildfire/Burned_Area_SA_1km_2017.tif,EPSG:3857,1000.00x0.00,"(-12185000.0000, -7542000.0000, -3210000.0000, 1505000.0000)",81196825,20729138,25.53,2,burned_area_2017_burn_date; burned_area_2017_burned_mask,float32,2017,wildfire,4.74
wildfire_Burned_Area_SA_1km_2018,/Users/gianluca/Desktop/Master's Thesis/code/data/wildfire/Burned_Area_SA_1km_2018.tif,EPSG:3857,1000.00x0.00,"(-12185000.0000, -7542000.0000, -3210000.0000, 1505000.0000)",81196825,20729138,25.53,2,burned_area_2018_burn_date; burned_area_2018_burned_mask,float32,2018,wildfire,4.33
wildfire_Burned_Area_SA_1km_2019,/Users/gianluca/Desktop/Master's Thesis/code/data/wildfire/Burned_Area_SA_1km_2019.tif,EPSG:3857,1000.00x0.00,"(-12185000.0000, -7542000.0000, -3210000.0000, 1505000.0000)",81196825,20729138,25.53,2,burned_area_2019_burn_date; burned_area_2019_burned_mask,float32,2019,wildfire,4.76
wildfire_Burned_Area_SA_1km_2020,/Users/gianluca/Desktop/Master's Thesis/code/data/wildfire/Burned_Area_SA_1km_2020.tif,EPSG:3857,1000.00x0.00,"(-12185000.0000, -7542000.0000, -3210000.0000, 1505000.0000)",81196825,20729138,25.53,2,burned_area_2020_burn_date; burned_area_2020_burned_mask,float32,2020,wildfire,5.07
wildfire_Burned_Area_SA_1km_2021,/Users/gianluca/Desktop/Master's Thesis/code/data/wildfire/Burned_Area_SA_1km_2021.tif,EPSG:3857,1000.00x0.00,"(-12185000.0000, -7542000.0000, -3210000.0000, 1505000.0000)",81196825,20729138,25.53,2,burned_area_2021_burn_date; burned_area_2021_burned_mask,float32,2021,wildfire,4.51
wildfire_Burned_Area_SA_1km_2022,/Users/gianluca/Desktop/Master's Thesis/code/data/wildfire/Burned_Area_SA_1km_2022.tif,EPSG:3857,1000.00x0.00,"(-12185000.0000, -7542000.0000, -3210000.0000, 1505000.0000)",81196825,20729138,25.53,2,burned_area_2022_burn_date; burned_area_2022_burned_mask,float32,2022,wildfire,4.6
wildfire_Burned_Area_SA_1km_2023,/Users/gianluca/Desktop/Master's Thesis/code/data/wildfire/Burned_Area_SA_1km_2023.tif,EPSG:3857,1000.00x0.00,"(-12185000.0000, -7542000.0000, -3210000.0000, 1505000.0000)",81196825,20729138,25.53,2,burned_area_2023_burn_date; burned_area_2023_burned_mask,float32,2023,wildfire,4.49
wildfire_Burned_Area_SA_1km_2024,/Users/gianluca/Desktop/Master's Thesis/code/data/wildfire/Burned_Area_SA_1km_2024.tif,EPSG:3857,1000.00x0.00,"(-12185000.0000, -7542000.0000, -3210000.0000, 1505000.0000)",81196825,20729138,25.53,2,burned_area_2024_burn_date; burned_area_2024_burned_mask,float32,2024,wildfire,5.01
